id,first_name,last_name,age,city_id
1,Maria Cecília,Azevedo,37,264
2,Liam,Barros,33,342
3,Hellena,Peixoto,80,417
4,Murilo,Albuquerque,62,39
5,Gael,Sousa,46,156
6,Raul,Nunes,60,102
7,Antônio,Carvalho,77,335
8,Camila,Machado,20,304
9,Maria Luiza,Gonçalves,41,309
10,Daniela,Ribeiro,37,319
11,Gabrielly,Ferreira,32,50
12,Pietro,Moraes,62,290
13,Maria Luísa,da Cruz,63,30
14,Isabella,Carvalho,51,125
15,Lucca,Camargo,51,192
16,Amanda,Azevedo,26,43
17,Noah,Pastor,19,249
18,Luiza,Barros,54,275
19,Gustavo Henrique,Cirino,48,194
20,Enzo Gabriel,Ramos,61,206
21,Luiz Gustavo,Dias,26,155
22,Ester,Sá,60,508
23,Manuella,Vasconcelos,52,439
24,Maria Julia,Novaes,21,283
25,Gustavo,Duarte,63,46
26,Melissa,Garcia,19,428
27,Rafaela,Rezende,48,226
28,Melissa,Souza,45,212
29,Melissa,Moreira,30,454
30,João Miguel,Albuquerque,75,14
31,Guilherme,Novaes,35,258
32,Marcos Vinicius,da Cunha,45,114
33,Liz,Viana,21,220
34,Ana Sophia,Souza,36,487
35,Vicente,Fernandes,48,377
36,Bernardo,Pimenta,65,173
37,Ravi,Caldeira,22,154
38,Maria Laura,Sá,35,436
39,Raquel,Sampaio,50,340
40,Liam,Araújo,61,441
41,Luigi,Vargas,30,381
42,Benjamin,Alves,36,181
43,Thales,Pastor,66,253
44,Clarice,Abreu,49,343
45,Isabelly,Cavalcanti,51,349
46,Maria Luísa,Vieira,33,41
47,Daniel,Rios,32,466
48,Laura,Albuquerque,65,259
49,Vinícius,Fernandes,70,475
50,Luiz Otávio,Aparecida,43,354
51,Mariane,Pires,49,186
52,Isadora,Moura,74,432
53,Guilherme,Casa Grande,26,140
54,Stephany,das Neves,63,281
55,Melissa,Aragão,52,481
56,Ester,Melo,72,470
57,Laís,Peixoto,62,101
58,Giovanna,da Mata,29,167
59,Gabriel,Farias,78,240
60,Zoe,Cunha,23,467
61,Isabel,Aparecida,29,53
62,Gabriel,Leão,65,341
63,Bárbara,Camargo,28,486
64,Maya,Alves,57,67
65,Isabelly,Pereira,24,55
66,Bárbara,Peixoto,53,427
67,Maria Julia,Araújo,77,361
68,Thomas,Sousa,63,192
69,Caio,Dias,80,68
70,Luan,Viana,48,74
71,Isabelly,Fonseca,36,466
72,Elisa,Castro,22,207
73,Raul,Nogueira,61,222
74,Bento,Rios,65,77
75,Leonardo,Nascimento,21,76
76,Emanuel,Sales,55,261
77,Davi Luiz,Correia,61,55
78,Carolina,Albuquerque,69,150
79,Sofia,Marques,54,37
80,Manuella,Garcia,26,44
81,Fernanda,Garcia,66,285
82,Rhavi,Sampaio,43,284
83,Vitória,Marques,69,54
84,Aurora,Nascimento,41,376
85,Laís,Pacheco,26,413
86,Murilo,Pacheco,52,200
87,Alexandre,Rocha,27,50
88,Arthur Miguel,Leão,31,276
89,Pietra,Monteiro,46,144
90,Davi Lucas,Cirino,37,44
91,Maria Clara,Fonseca,37,253
92,Yago,Aparecida,36,208
93,Bento,Pinto,30,198
94,Maria Julia,Souza,29,492
95,Matheus,Fonseca,61,508
96,Heloísa,Jesus,29,310
97,Antônio,Ferreira,45,398
98,Rafael,Borges,48,365
99,Valentina,Sousa,51,313
100,Marcela,Cunha,51,511
101,Mariane,Alves,59,423
102,Maria Sophia,Leão,77,95
103,Daniela,Pinto,78,32
104,Eloah,Silva,18,289
105,Gael Henrique,Pimenta,66,119
106,Bárbara,Ferreira,39,72
107,Mariah,Borges,79,451
108,Maria Cecília,Novais,58,271
109,Luigi,Ribeiro,59,218
110,Beatriz,Abreu,25,117
111,Cecilia,Sampaio,30,84
112,Ana Carolina,Rocha,28,484
113,Kaique,Viana,29,499
114,Gustavo Henrique,Brito,49,316
115,Marcelo,Marques,28,43
116,Arthur Miguel,Melo,39,466
117,Alice,da Conceição,33,215
118,Murilo,Peixoto,43,497
119,Thales,Marques,73,392
120,Mirella,Casa Grande,18,164
121,Dom,Mendonça,25,33
122,Helena,Oliveira,51,333
123,Isaque,Câmara,45,464
124,Lorena,Costa,25,255
125,Emilly,Lopes,58,21
126,Nina,Fonseca,21,450
127,Elisa,Pacheco,75,251
128,Ana Vitória,Garcia,76,481
129,Kaique,Farias,22,432
130,Nathan,Duarte,45,362
131,Daniela,Sousa,28,238
132,Cauã,Nascimento,30,118
133,Vitor Hugo,Novaes,47,113
134,Evelyn,da Cruz,80,172
135,João Gabriel,Peixoto,75,382
136,Josué,Duarte,51,25
137,Mariah,Siqueira,35,344
138,Jade,Costela,62,447
139,Melissa,Alves,38,144
140,Eduarda,Monteiro,48,434
141,Luana,Pacheco,19,358
142,Miguel,Melo,75,505
143,Rafael,Macedo,37,103
144,Ana Carolina,Souza,53,86
145,Matheus,Rezende,29,40
146,Valentim,Montenegro,51,284
147,João Felipe,Macedo,42,478
148,Raquel,Mendes,57,292
149,Aylla,da Rosa,49,97
150,Maria Sophia,Rios,22,382
151,Lunna,Ferreira,21,53
152,Nicolas,Araújo,34,484
153,Anna Liz,Araújo,61,417
154,Milena,Barbosa,39,350
155,Kaique,Ramos,72,148
156,Apollo,Sales,61,350
157,Pietro,Guerra,24,390
158,Liz,Lima,54,413
159,Nina,Souza,44,317
160,Noah,Mendonça,27,32
161,Carolina,Duarte,78,436
162,Daniela,das Neves,26,473
163,Luiz Fernando,Campos,44,442
164,Luísa,Pinto,54,469
165,Bella,Pinto,51,86
166,Valentina,Pacheco,41,132
167,Kevin,Ramos,73,417
168,Manuella,Siqueira,18,312
169,Brenda,Pastor,47,412
170,Isaque,Fogaça,31,129
171,Stella,Andrade,70,467
172,Elisa,Pires,34,425
173,Maria Liz,Cassiano,78,298
174,Otávio,Sampaio,39,485
175,João Pedro,Alves,21,283
176,Bianca,Silveira,26,455
177,Sabrina,Peixoto,27,449
178,Eloah,da Costa,78,466
179,Levi,Machado,24,201
180,Marcos Vinicius,Mendonça,28,246
181,Theo,da Cruz,48,245
182,Noah,Dias,53,359
183,Enzo Gabriel,Cavalcanti,52,49
184,Davi Lucca,da Cunha,45,238
185,Asafe,Cavalcante,76,505
186,Felipe,Ferreira,30,411
187,Theo,Machado,75,245
188,Anthony,Marques,69,423
189,Pedro Lucas,Lopes,35,240
190,Calebe,da Costa,62,482
191,Brenda,Aragão,35,34
192,Raquel,da Mota,72,301
193,Anthony Gabriel,Sá,78,345
194,João Vitor,Sampaio,53,438
195,Agatha,Aragão,56,118
196,Otávio,Fogaça,50,35
197,João Gabriel,Pastor,80,86
198,Thiago,Andrade,44,221
199,Laís,Nascimento,56,312
200,Bruno,Lopes,47,178
201,Vitória,Brito,31,262
202,João,Nogueira,32,201
203,Luiz Felipe,da Cruz,34,174
204,Theo,Aragão,77,35
205,Ian,Moraes,64,279
206,Thomas,da Mata,31,332
207,Otávio,Montenegro,23,484
208,Olívia,Sales,54,414
209,Luísa,Moreira,20,429
210,Valentina,Porto,48,187
211,João Vitor,da Mota,69,43
212,Sarah,Brito,42,365
213,Diogo,Macedo,46,476
214,Vitor Hugo,Novaes,37,217
215,Alícia,Santos,29,122
216,Emanuella,Cassiano,44,358
217,Sofia,da Rocha,65,16
218,Davi Miguel,Monteiro,67,375
219,Fernando,Souza,69,170
220,Luiz Gustavo,das Neves,61,293
221,Danilo,Sousa,36,100
222,Sophie,Cavalcante,25,284
223,Carolina,da Cruz,54,253
224,José,da Costa,61,133
225,Bento,Leão,33,405
226,Lucca,Casa Grande,60,426
227,Ana Carolina,Gomes,29,264
228,Emanuella,Ramos,71,224
229,Lívia,Novais,44,99
230,Emanuelly,Melo,23,47
231,Luiz Felipe,Montenegro,28,218
232,Luiz Fernando,Moreira,66,499
233,Cecilia,Sales,37,277
234,João Felipe,Costela,62,287
235,Cecília,Abreu,52,186
236,Larissa,Costela,65,188
237,Olívia,Mendonça,76,405
238,Pedro,Correia,31,32
239,Maria Eduarda,Souza,51,89
240,Gael Henrique,Duarte,35,211
241,Aylla,Barros,78,185
242,Isabelly,Carvalho,60,355
243,Isadora,Andrade,68,509
244,Paulo,Novaes,63,217
245,Diego,Viana,67,61
246,Aurora,Costela,44,180
247,Francisco,Leão,53,135
248,Lucca,Oliveira,36,378
249,Maysa,Monteiro,27,382
250,Alexia,Cardoso,34,118
251,Otto,Fonseca,40,213
252,Matheus,Caldeira,32,63
253,João Miguel,Castro,47,119
254,Rebeca,Gomes,43,421
255,Laura,Alves,35,280
256,Caio,Vargas,27,370
257,Kaique,Barros,20,276
258,Arthur Gabriel,Costa,76,234
259,Felipe,Farias,71,158
260,Gabriela,Guerra,47,205
261,Bruna,Fonseca,47,103
262,Davi Miguel,Mendonça,59,291
263,Arthur Miguel,Caldeira,56,275
264,André,Teixeira,71,419
265,Lucas Gabriel,Camargo,43,332
266,Amanda,Cardoso,45,458
267,Alexia,Rodrigues,71,300
268,João Felipe,da Paz,47,113
269,Mirella,Moura,39,408
270,Gabrielly,Ferreira,52,79
271,Levi,Vieira,37,235
272,Ayla,Fonseca,51,127
273,Sara,Fonseca,34,69
274,Erick,Peixoto,61,255
275,Ágatha,Pimenta,46,417
276,Otto,Pires,77,408
277,Cauã,Abreu,40,122
278,Théo,Aragão,48,173
279,Maria Liz,Aparecida,22,81
280,André,Cavalcanti,80,498
281,Olivia,Moreira,78,153
282,Maysa,Gonçalves,57,424
283,Luiz Miguel,da Conceição,39,5
284,Gustavo,Pereira,72,376
285,Ana,Viana,80,240
286,Amanda,Peixoto,29,466
287,Bianca,Ferreira,22,63
288,Yuri,Santos,49,176
289,Murilo,da Conceição,59,207
290,Camila,Campos,57,146
291,Gabriela,Câmara,72,265
292,Raquel,Moreira,29,350
293,Juan,Alves,60,392
294,Alexandre,Rocha,76,103
295,Catarina,da Paz,61,282
296,Liam,Caldeira,64,368
297,Vitor Hugo,Cavalcante,23,267
298,Larissa,Ferreira,65,320
299,Breno,Moura,32,389
300,Oliver,Barros,43,318
301,Gabriela,Jesus,61,510
302,Gael,Cassiano,43,23
303,Maria Sophia,Carvalho,47,492
304,Isaque,Silveira,69,312
305,Maysa,Costela,36,380
306,Diego,Santos,30,421
307,Felipe,da Cruz,80,370
308,Ana Lívia,Silveira,23,468
309,João Miguel,Rodrigues,37,234
310,Alexia,Pastor,54,483
311,Joana,Ramos,40,294
312,Thales,Correia,47,481
313,Maria Vitória,Novaes,26,157
314,Asafe,Garcia,38,314
315,Levi,Pimenta,18,318
316,Davi,Azevedo,25,90
317,Evelyn,da Mota,77,58
318,Pedro Lucas,Azevedo,72,134
319,Eduardo,Novaes,34,215
320,Maria Júlia,Novais,45,465
321,Mariana,Correia,75,9
322,Evelyn,Camargo,29,127
323,Isadora,Peixoto,55,480
324,Pietro,Dias,68,478
325,Catarina,Pacheco,45,49
326,Camila,Garcia,60,177
327,Theo,Fonseca,46,218
328,Luiza,Garcia,42,486
329,Mariah,Macedo,80,442
330,João Felipe,Cavalcanti,49,297
331,Théo,da Cruz,45,185
332,Ester,Rodrigues,45,222
333,Thomas,Camargo,61,62
334,Melissa,Rios,78,385
335,Isabel,da Luz,23,498
336,Gabriela,Ribeiro,72,501
337,Raquel,da Rocha,33,194
338,Bento,Mendonça,19,445
339,Noah,Leão,66,211
340,João Lucas,Novaes,33,49
341,João,Jesus,43,277
342,Maria Isis,Farias,24,127
343,Caio,Aparecida,37,111
344,Raquel,da Costa,33,345
345,Bruna,Santos,39,303
346,Zoe,das Neves,32,449
347,Luana,Rodrigues,35,233
348,Luiz Gustavo,Pimenta,66,92
349,Isadora,da Rocha,60,475
350,Noah,Vieira,34,340
351,Maria Flor,Barbosa,37,333
352,Heloisa,Siqueira,49,171
353,Kevin,Rocha,29,151
354,Hadassa,Guerra,45,370
355,Oliver,Fogaça,22,157
356,Sabrina,da Costa,18,378
357,Alexandre,Pires,21,300
358,Maria Fernanda,Leão,54,53
359,Thales,Nunes,72,473
360,Antony,Duarte,55,495
361,Theo,Peixoto,57,246
362,Bernardo,Pimenta,55,240
363,Luiza,Pereira,53,388
364,Cauã,da Rocha,49,79
365,Joaquim,da Luz,43,9
366,Maria Sophia,Leão,36,89
367,Gabriel,Vieira,39,392
368,Levi,Barros,49,342
369,Lara,Camargo,25,360
370,Ryan,Farias,23,418
371,Luiz Henrique,Rocha,44,355
372,Maria Helena,Barbosa,40,512
373,Maitê,Sampaio,60,310
374,Eloá,Aragão,44,218
375,Lorenzo,Novaes,52,263
376,Isaac,Câmara,19,483
377,João,Dias,35,188
378,Nicole,Montenegro,49,312
379,Felipe,Farias,42,485
380,Leonardo,Duarte,18,347
381,Maria Isis,Cassiano,80,489
382,Raquel,Dias,22,332
383,Benício,Gomes,47,415
384,Enrico,Dias,30,431
385,Olivia,da Paz,42,129
386,Luiz Fernando,Nogueira,64,69
387,Ana Julia,Mendonça,56,221
388,Alana,Aparecida,55,125
389,Anna Liz,Nogueira,64,193
390,Nina,Silva,79,108
391,Valentim,Farias,78,103
392,Maitê,Pires,58,275
393,Isaque,Moraes,64,282
394,Daniel,Carvalho,25,34
395,Danilo,Siqueira,71,291
396,Luiz Henrique,Vargas,37,424
397,Caroline,Vargas,79,23
398,Ana Sophia,Correia,19,480
399,Gabriela,Câmara,72,450
400,Ana Beatriz,Fernandes,77,410
401,Lucca,Novaes,25,102
402,Asafe,das Neves,75,486
403,Alícia,Marques,66,320
404,Bella,Dias,37,153
405,Carolina,Freitas,78,31
406,Sara,Borges,53,370
407,Ana Clara,Vieira,30,34
408,Caleb,Silveira,65,195
409,Ana Liz,Machado,28,292
410,Alana,Vasconcelos,69,56
411,Fernanda,Rocha,29,275
412,Eloah,Sá,66,199
413,Lívia,Souza,35,435
414,Ana Carolina,Siqueira,79,272
415,Juliana,Gonçalves,55,445
416,Calebe,Nascimento,37,175
417,Maria Clara,Jesus,50,49
418,Kaique,Rodrigues,48,415
419,Yuri,Andrade,32,289
420,Ana Lívia,Garcia,45,356
421,Alexia,Mendes,50,44
422,Vinicius,Nogueira,60,509
423,Lucas Gabriel,Farias,69,374
424,Isadora,Mendonça,62,361
425,André,Correia,66,193
426,Calebe,Barbosa,58,367
427,Theodoro,Peixoto,51,428
428,Amanda,Cavalcante,23,71
429,Isadora,Cardoso,61,333
430,Liz,Cavalcanti,35,411
431,Hellena,Pimenta,37,502
432,Otto,Fogaça,66,375
433,Pedro,Barros,37,468
434,Mariah,da Cunha,78,484
435,Isaque,Vasconcelos,67,426
436,Eloá,Viana,46,66
437,Matheus,Costela,49,264
438,Maria Fernanda,Guerra,56,249
439,Vitor Gabriel,Leão,50,240
440,Benjamim,Jesus,78,508
441,Brayan,Moreira,55,331
442,Luna,Casa Grande,38,173
443,Thiago,da Rocha,79,474
444,Ana Carolina,Martins,78,512
445,Ana Vitória,Pires,35,462
446,Luiz Felipe,Abreu,28,82
447,Alícia,Campos,79,98
448,Maya,Mendonça,57,510
449,Esther,Lopes,58,93
450,Alexia,Fonseca,56,187
451,Carolina,Sousa,74,248
452,Bernardo,Moraes,61,419
453,Isadora,da Mata,74,72
454,Sophie,Costa,23,255
455,Caroline,Cavalcanti,39,419
456,Davi Lucas,Araújo,34,227
457,Gabriela,Andrade,24,429
458,Thales,Fonseca,62,213
459,Caleb,Barros,30,484
460,Asafe,Brito,70,146
461,Nina,Moreira,80,125
462,Ana Clara,Moura,25,485
463,Allana,Marques,50,379
464,Levi,Martins,49,492
465,Eduardo,Jesus,18,23
466,Antônio,Ribeiro,27,494
467,Sara,Nascimento,34,88
468,Eloá,Marques,66,24
469,Maria Cecília,Nunes,36,373
470,Otávio,Cirino,50,205
471,Hellena,Pires,34,375
472,Pedro Henrique,Pastor,45,62
473,Theodoro,Aparecida,57,376
474,Kamilly,Ribeiro,23,167
475,Kamilly,Vieira,32,188
476,Isaac,Fogaça,58,375
477,Ravi Lucca,da Cruz,77,132
478,José,Lopes,46,85
479,João Gabriel,Cavalcante,19,38
480,Bella,Melo,67,328
481,Caleb,Barros,68,256
482,Hadassa,Castro,56,312
483,Júlia,Nunes,77,15
484,Luana,Pereira,79,426
485,Manuella,Araújo,62,87
486,Luiz Henrique,da Costa,35,143
487,Joaquim,Rodrigues,50,442
488,Matheus,Andrade,65,237
489,Leandro,da Mata,19,410
490,Thomas,Farias,47,355
491,Rafael,Costela,36,270
492,Bruno,Moreira,46,240
493,Maysa,Ribeiro,62,345
494,Luiz Henrique,da Cunha,39,117
495,Ana Cecília,Ferreira,75,84
496,Heloisa,Borges,63,293
497,Isabela,Macedo,64,260
498,Hellena,Vargas,40,307
499,Elisa,Jesus,60,345
500,Davi,Camargo,31,207
501,Pietra,da Rocha,54,4
502,Ana Cecília,Novaes,60,167
503,Rafaela,Borges,52,210
504,Laís,Ramos,68,257
505,Theodoro,Silveira,48,25
506,Yuri,Borges,72,234
507,Benjamim,Sá,65,229
508,Maria Alice,da Paz,61,44
509,Cecília,Cavalcante,68,416
510,Laís,das Neves,76,356
511,Cauê,Aragão,73,198
512,Maria Sophia,da Cunha,74,483
513,Murilo,da Rocha,54,419
514,Ana Laura,Vasconcelos,71,393
515,Ryan,Pacheco,49,164
516,Maria Isis,Vargas,75,13
517,Isabel,da Conceição,56,115
518,Maria Alice,Nascimento,57,187
519,Manuella,Cavalcanti,58,458
520,Ayla,Mendes,51,428
521,Fernanda,Correia,70,283
522,Maysa,da Conceição,63,364
523,Bento,Vasconcelos,42,111
524,Luna,Farias,56,88
525,Vicente,Fonseca,53,222
526,Emilly,Oliveira,65,194
527,Lunna,Araújo,70,242
528,Maria Clara,Nascimento,67,480
529,Vinícius,Caldeira,70,403
530,João Gabriel,da Cunha,58,220
531,Ana Vitória,Leão,63,55
532,Rhavi,das Neves,58,233
533,Bryan,Novaes,61,180
534,Maria,Sampaio,44,345
535,Allana,da Paz,21,190
536,Luísa,da Rocha,76,488
537,Alícia,da Mata,72,220
538,Ana Vitória,da Paz,35,227
539,Ryan,Porto,19,443
540,Theo,da Paz,74,468
541,Anthony,Costa,44,478
542,Bernardo,Mendonça,74,512
543,Ana Clara,Pimenta,67,113
544,Luana,Duarte,44,310
545,Arthur,Viana,80,124
546,Yuri,Araújo,26,251
547,José,Sales,78,328
548,Danilo,Vieira,51,330
549,Oliver,Nogueira,80,226
550,Benício,Vieira,50,210
551,Bruno,Pacheco,65,69
552,Agatha,Rodrigues,20,468
553,Felipe,Novaes,56,350
554,Ágatha,Vasconcelos,37,501
555,Alana,Novaes,69,140
556,Caleb,Freitas,78,242
557,Maria Liz,Vargas,76,433
558,Joana,da Conceição,56,203
559,Anthony Gabriel,Costela,76,30
560,Maya,Lopes,77,451
561,José,da Paz,29,34
562,Vicente,Cirino,56,420
563,Fernanda,Cardoso,50,395
564,Oliver,Marques,66,453
565,Leandro,Camargo,49,251
566,Antonella,Farias,56,241
567,Pedro Miguel,Pastor,66,7
568,Rael,Barbosa,72,31
569,Ana Liz,Vieira,42,2
570,Raul,Sousa,78,335
571,Zoe,Santos,32,388
572,Theo,Cassiano,47,94
573,Maria Alice,Correia,28,404
574,Zoe,Moura,58,174
575,Alice,da Conceição,36,251
576,Vinícius,Araújo,78,93
577,Lucas Gabriel,da Rosa,32,282
578,Eduardo,Martins,60,180
579,Ravi,Borges,24,121
580,Apollo,Casa Grande,22,446
581,Otávio,Moreira,40,301
582,Manuela,Correia,39,62
583,Valentim,Costa,78,433
584,Luigi,da Cruz,75,163
585,Caroline,Freitas,72,490
586,Emilly,Cavalcante,49,130
587,Arthur Gabriel,Cunha,35,78
588,Bárbara,Ramos,25,400
589,Liz,Cavalcanti,26,77
590,Diego,da Costa,34,294
591,Bruno,Siqueira,27,73
592,Kamilly,Ribeiro,41,152
593,Ana Julia,da Paz,28,88
594,Rafaela,Rodrigues,42,475
595,Maria Flor,da Cruz,50,225
596,Otto,Pimenta,64,369
597,Gael Henrique,Pires,80,319
598,Maria Luísa,Fernandes,43,103
599,Cecília,da Paz,66,151
600,Emilly,Sá,78,85
601,Rebeca,Guerra,63,25
602,Bruna,Pimenta,38,198
603,Bruna,Cardoso,36,127
604,Olívia,Correia,41,329
605,Davi Lucca,da Conceição,26,22
606,Marcela,da Conceição,24,220
607,Maria Luiza,da Luz,22,97
608,Aylla,Novais,64,157
609,Valentim,Novais,68,192
610,Pedro,da Mata,42,66
611,José Pedro,Caldeira,21,496
612,Leandro,Leão,23,237
613,Maria Julia,Andrade,44,200
614,Fernando,Costela,25,258
615,Liam,Mendes,33,481
616,Ana Beatriz,Mendonça,54,350
617,José Pedro,Moraes,80,86
618,Lívia,Montenegro,59,285
619,Olívia,Aparecida,69,217
620,Catarina,Nascimento,67,411
621,Isadora,Azevedo,80,348
622,Caleb,Freitas,57,278
623,Guilherme,Camargo,75,22
624,João Miguel,Jesus,42,35
625,Eloah,Costa,63,133
626,Daniela,Castro,42,30
627,Lunna,Nascimento,28,133
628,Heitor,Garcia,51,209
629,Bento,Rodrigues,52,124
630,Nina,Barbosa,65,387
631,Enzo,Marques,75,213
632,Benicio,Araújo,35,109
633,Yasmin,Pinto,56,153
634,Clara,Sousa,18,500
635,Alexia,da Paz,58,271
636,Eduardo,Sales,74,337
637,Antony,Gomes,20,494
638,Rodrigo,Aparecida,54,260
639,Gabrielly,da Mota,37,35
640,João Guilherme,Castro,27,316
641,Nicolas,da Conceição,20,69
642,Ana Sophia,Costa,20,64
643,João Gabriel,Viana,73,97
644,Pedro,Abreu,23,11
645,Ágatha,Vasconcelos,67,439
646,Enrico,Rios,42,311
647,Liam,da Paz,75,484
648,Ana Clara,Abreu,25,65
649,Pedro,Silveira,79,372
650,Luísa,Siqueira,56,171
651,Bianca,Guerra,33,380
652,Ana Carolina,Montenegro,24,103
653,Laís,Carvalho,41,260
654,Rhavi,Aparecida,78,224
655,Enzo Gabriel,Moreira,37,267
656,Nicole,Aparecida,78,146
657,Ana Beatriz,Pereira,63,370
658,Marcos Vinicius,Brito,34,165
659,Emanuel,Pimenta,37,360
660,Matheus,Campos,73,126
661,Clara,Cavalcante,42,209
662,Benjamim,Lopes,73,161
663,Júlia,Nogueira,20,268
664,Isabelly,Borges,76,30
665,Mariane,Barros,31,481
666,Heloisa,Casa Grande,54,120
667,Giovanna,Câmara,60,118
668,José,Macedo,50,188
669,Lorenzo,Duarte,20,59
670,Dante,Santos,23,114
671,Vitor Gabriel,Borges,46,458
672,Matheus,Gonçalves,63,360
673,Laís,Alves,36,150
674,Rafael,Peixoto,40,166
675,Ana Beatriz,Garcia,45,172
676,Pietra,Costela,77,398
677,Theodoro,da Cruz,48,13
678,Juliana,Oliveira,72,153
679,Davi Luiz,Novaes,20,207
680,Lunna,Carvalho,60,168
681,Luigi,Mendes,40,245
682,Henrique,Jesus,55,182
683,Ayla,Melo,47,208
684,Rebeca,Castro,35,401
685,Rafaela,Guerra,31,206
686,Renan,Teixeira,25,189
687,Milena,Barros,45,3
688,João Gabriel,Rodrigues,51,186
689,Antônio,Oliveira,38,184
690,Otto,Almeida,49,290
691,Daniel,Moura,23,234
692,Gabriela,Fonseca,54,240
693,Augusto,Novais,59,265
694,Ana Cecília,Montenegro,69,402
695,Mariana,Rocha,71,239
696,Bruna,Fogaça,47,51
697,Noah,Fogaça,25,29
698,Lucas Gabriel,Rocha,43,207
699,Felipe,Cunha,70,172
700,Noah,Freitas,73,27
701,Lucas,da Cruz,57,242
702,Yasmin,Azevedo,27,467
703,Brayan,Borges,44,376
704,Luiz Fernando,da Cunha,76,264
705,André,Macedo,55,271
706,Enzo Gabriel,Pinto,29,165
707,Daniela,Vargas,47,168
708,Lavínia,Macedo,55,36
709,Isaque,Abreu,31,294
710,Igor,da Mata,71,16
711,Mariana,Fernandes,28,488
712,Cecília,Rezende,67,21
713,Caroline,Gomes,27,55
714,Sarah,Cavalcante,64,123
715,Gustavo,da Conceição,75,123
716,Ísis,Campos,44,19
717,Davi Lucca,Cavalcanti,22,185
718,Samuel,Moura,79,119
719,Maria Vitória,Leão,63,497
720,João Vitor,Porto,75,417
721,Ana Cecília,Fogaça,57,344
722,Noah,Andrade,54,75
723,Matteo,Camargo,48,254
724,Emilly,Vieira,42,217
725,Emanuella,Caldeira,42,131
726,Pietro,da Mota,35,213
727,Asafe,Moraes,18,295
728,Emanuelly,da Cruz,39,182
729,Isaque,Siqueira,18,430
730,João,Lima,52,45
731,Murilo,Cunha,51,5
732,Gabriel,da Mata,49,145
733,Ana,Vieira,21,30
734,Diego,Rocha,29,461
735,Ryan,Rios,19,81
736,Lavínia,Alves,75,476
737,Davi,das Neves,49,187
738,Elisa,Duarte,40,324
739,Erick,Nascimento,74,262
740,Alana,Aparecida,19,366
741,Antônio,Cavalcante,75,34
742,Isabela,Cirino,41,378
743,Maria Eduarda,Machado,77,272
744,Ana Julia,Pimenta,52,175
745,Heloisa,Caldeira,48,119
746,Nicole,Câmara,24,74
747,Maria Luísa,Machado,50,172
748,Josué,Montenegro,55,389
749,Brayan,Borges,43,388
750,Kamilly,Cassiano,32,212
751,Nicole,Cavalcanti,52,96
752,Camila,Costa,61,331
753,Eduarda,Costela,29,323
754,Aylla,Mendes,33,324
755,Larissa,da Rosa,44,101
756,Bella,Cavalcanti,40,474
757,Igor,Azevedo,29,279
758,Benício,da Conceição,78,176
759,Liz,Albuquerque,38,348
760,Bento,Gomes,46,59
761,Ravi,da Luz,48,120
762,Mariah,Cavalcanti,45,144
763,Vitor Gabriel,Gomes,33,22
764,Antonella,Nogueira,63,76
765,Dante,Mendonça,32,202
766,Antony,da Paz,80,129
767,Ana Carolina,Sales,18,320
768,José Miguel,Campos,62,404
769,Vitor Gabriel,Novais,67,353
770,Benício,da Rocha,79,313
771,Otto,Lima,71,323
772,Davi,Porto,34,121
773,Rhavi,Araújo,68,23
774,Luiz Henrique,Ferreira,30,103
775,Pietro,Guerra,36,118
776,Mariah,da Rosa,77,496
777,Renan,da Luz,61,478
778,Luiz Felipe,Siqueira,80,243
779,Olívia,Gonçalves,63,479
780,Antony,Costa,69,112
781,Oliver,Araújo,33,172
782,Marcelo,Fonseca,54,79
783,João Pedro,Moraes,41,227
784,Camila,da Costa,43,225
785,Ana Clara,Pereira,23,307
786,Enzo Gabriel,Novaes,52,142
787,Otávio,Fernandes,70,47
788,Paulo,Nascimento,80,414
789,Raul,Rezende,57,26
790,Stella,da Paz,79,457
791,Nathan,Cunha,34,18
792,Enrico,Abreu,71,37
793,Júlia,Barbosa,72,475
794,Joaquim,Nunes,35,326
795,Pedro Lucas,Duarte,28,302
796,Carolina,Fernandes,34,131
797,Luísa,Garcia,28,379
798,Yasmin,Gomes,59,214
799,Raquel,Vasconcelos,31,472
800,Juliana,Jesus,56,385
801,Joana,Gonçalves,64,105
802,Júlia,Sá,56,91
803,Vicente,Farias,51,341
804,Ísis,Moraes,24,421
805,Marcos Vinicius,Monteiro,66,330
806,Benjamin,Pinto,30,501
807,Luiz Felipe,Macedo,46,260
808,Eloah,Fonseca,70,406
809,Anthony,Castro,41,292
810,Joana,Montenegro,20,321
811,Lara,Moura,45,484
812,Isadora,Costela,58,405
813,Luísa,Alves,64,113
814,Matteo,Pereira,36,50
815,Carlos Eduardo,Novais,18,469
816,Joaquim,Borges,45,273
817,Thomas,Farias,54,288
818,Davi Luiz,Ramos,60,60
819,Sophie,Casa Grande,37,102
820,Lorena,Araújo,35,439
821,Eloah,Viana,32,15
822,João Pedro,Porto,53,140
823,Igor,Silveira,35,1
824,Vitor Hugo,da Mota,22,27
825,Kamilly,Vasconcelos,73,330
826,Juliana,Duarte,41,98
827,Léo,Machado,26,348
828,Lucas,Sales,61,11
829,Ravy,Duarte,43,260
830,Ana Clara,Casa Grande,64,288
831,Renan,Mendonça,72,405
832,Olivia,Nunes,57,390
833,Bryan,Porto,24,235
834,Maria Liz,Santos,65,84
835,Emanuel,Castro,21,113
836,Nathan,Nascimento,71,305
837,Luara,da Mata,73,460
838,Hadassa,Carvalho,25,143
839,Isabela,Brito,67,73
840,Thiago,Dias,63,399
841,Ravi Lucca,Pacheco,80,504
842,Asafe,Montenegro,78,441
843,Ágatha,Martins,50,201
844,Giovanna,Pastor,55,478
845,Ravy,Novais,66,30
846,Stella,Cavalcanti,42,37
847,Ana,Sousa,64,243
848,Ana Vitória,Castro,63,418
849,Augusto,Sá,37,413
850,Ísis,Pires,35,80
851,Daniela,Peixoto,53,206
852,Pietro,Pereira,66,192
853,João Pedro,Moreira,46,139
854,Cecilia,Câmara,35,383
855,Rael,Freitas,45,401
856,Helena,Gomes,48,218
857,Luiz Henrique,da Cunha,47,27
858,Pedro Lucas,Abreu,31,242
859,Ravi,Pastor,56,132
860,Alexia,Costela,28,315
861,João Miguel,Viana,42,413
862,Pedro Henrique,Borges,35,338
863,Daniel,Lima,27,356
864,Marcelo,Albuquerque,27,173
865,Leonardo,Cavalcanti,72,334
866,Rodrigo,Aragão,62,460
867,Diego,da Rocha,45,50
868,Anthony Gabriel,da Rocha,36,470
869,Cecilia,Rodrigues,72,88
870,Vitória,Sales,75,250
871,Caio,Rocha,27,452
872,Matteo,Albuquerque,26,286
873,Maria,Nascimento,54,298
874,André,Sampaio,35,189
875,José Miguel,Melo,31,106
876,João Felipe,Azevedo,79,333
877,Agatha,Fonseca,53,301
878,Sabrina,Azevedo,51,386
879,José Pedro,Araújo,20,204
880,Manuella,Teixeira,78,145
881,Luara,Castro,57,40
882,Maria Laura,da Paz,67,484
883,Arthur,Mendonça,74,224
884,Maria Vitória,Cardoso,50,43
885,Yago,Porto,28,341
886,Ana Laura,Pimenta,37,337
887,Vitor Gabriel,Casa Grande,20,64
888,João Lucas,Vieira,28,349
889,Ravy,da Luz,20,357
890,Diego,Jesus,33,142
891,Asafe,da Rocha,53,99
892,Mariana,Gonçalves,54,505
893,Maria Vitória,Marques,38,412
894,Lucas Gabriel,da Luz,62,218
895,Marina,Novaes,34,279
896,Sofia,Lima,39,50
897,Alícia,Guerra,43,195
898,Ana Sophia,Campos,72,401
899,Ana Julia,Costa,46,482
900,Leandro,Vasconcelos,45,296
901,Ester,Nascimento,57,30
902,Maria,Fogaça,80,37
903,Luiz Henrique,da Cunha,21,72
904,Amanda,Oliveira,60,76
905,José,Casa Grande,19,406
906,Rodrigo,Abreu,20,376
907,Gael Henrique,Araújo,61,313
908,Yan,Aragão,33,337
909,Leonardo,Rios,68,100
910,Caio,Ramos,28,308
911,Vicente,Peixoto,37,363
912,Davi Lucca,Câmara,19,327
913,Clara,Moraes,20,503
914,Mirella,Ramos,21,253
915,Davi Lucca,Viana,59,87
916,Rhavi,Santos,19,82
917,Lorenzo,Caldeira,32,145
918,Vitor Hugo,Macedo,28,323
919,Davi Miguel,Lima,38,249
920,Enzo,Martins,41,32
921,Raquel,Rezende,55,339
922,Enzo,Sá,59,424
923,Brayan,Barros,74,477
924,André,Pereira,77,140
925,Luana,Ramos,55,242
926,Jade,Mendonça,25,196
927,Ana Vitória,Aragão,32,10
928,Laís,da Conceição,22,326
929,Sophia,Pastor,29,23
930,Agatha,Costa,71,428
931,Rebeca,Casa Grande,37,51
932,Matheus,Lima,49,63
933,Camila,Gomes,39,166
934,Alana,Andrade,29,97
935,Igor,Fernandes,62,261
936,Luiz Miguel,Cunha,59,196
937,Matteo,da Conceição,74,417
938,Luna,Teixeira,36,104
939,Igor,Araújo,55,214
940,Elisa,Moreira,56,365
941,Theo,Cardoso,26,285
942,Catarina,da Mota,25,493
943,Isabela,da Rocha,67,123
944,Rafaela,Mendonça,40,69
945,Agatha,Albuquerque,33,138
946,Vinicius,Freitas,20,482
947,Gabrielly,Costela,77,498
948,Kevin,Gomes,77,242
949,Valentim,Nascimento,62,446
950,Melina,Aragão,80,323
951,Yasmin,Garcia,34,6
952,Ana Vitória,Peixoto,60,93
953,Antonella,Brito,72,88
954,Nicole,Andrade,51,284
955,Anthony Gabriel,da Mota,48,166
956,Eloá,Pereira,73,76
957,Fernando,Camargo,54,24
958,Asafe,Nascimento,25,436
959,Bryan,Azevedo,58,66
960,Oliver,da Costa,19,129
961,Joaquim,Moraes,53,305
962,Maria Alice,Viana,54,202
963,Sofia,Camargo,26,162
964,Sabrina,Camargo,62,397
965,Otávio,Sampaio,51,274
966,Vinicius,Jesus,58,153
967,Henry,Lima,40,475
968,Ana Beatriz,Fonseca,40,289
969,João Guilherme,Cavalcante,28,336
970,Alexia,Sá,34,175
971,Eloah,Pimenta,53,352
972,Daniel,Albuquerque,71,117
973,Guilherme,Silveira,38,395
974,Heloísa,da Mata,25,183
975,Liam,Nunes,56,129
976,Milena,Macedo,35,232
977,Francisco,Gonçalves,25,144
978,Aylla,Costa,50,169
979,Davi Miguel,Viana,80,329
980,Luiz Henrique,Barros,63,16
981,Joaquim,Marques,54,173
982,Diego,Novais,68,322
983,Olívia,Vasconcelos,55,393
984,Lorenzo,Nogueira,49,287
985,João Lucas,Porto,36,389
986,Yasmin,Rios,22,98
987,Cecilia,Almeida,62,112
988,Maria Laura,Teixeira,32,118
989,Emanuel,Jesus,48,410
990,Luiz Gustavo,Machado,71,31
991,Benjamim,Costela,54,399
992,Joaquim,Santos,34,157
993,Maria Fernanda,Nogueira,48,134
994,André,das Neves,31,507
995,Ana Vitória,Brito,65,152
996,Ana Vitória,Peixoto,22,188
997,Ana Sophia,Machado,65,340
998,Daniel,Novaes,32,277
999,Mariah,da Luz,24,478
1000,Agatha,da Mata,74,95
